<?xml version="1.0" encoding="UTF-8"?>
<!DOCTYPE discografica SYSTEM "ej5.dtd">
<discografica>
    <discos>
        <disco>
            <titulo>
                Modo Avion
            </titulo>
            <interpretes>
                <interprete>
                    <nombre_apellidos>
                        Manuel Carrasco
                    </nombre_apellidos>
                    <rol>
                        Cantante
                    </rol>
                </interprete>
            </interpretes>
            <pistas numero="4">
                <pista>
                    <nombre>
                        Hola
                    </nombre>
                    <duracion>
                        2:39
                    </duracion>
                </pista>
            </pistas>
        </disco>
    </discos>
</discografica>


<!--ELEMENT discografia (discos)>
<!ELEMENT discos (disco*)>
<!ELEMENT disco (titulo, interpretes, pistas)>
<!ELEMENT titulo (#PCDATA)>
<!ELEMENT interpretes (interprete+)>
<!ELEMENT interprete (nombre_apellidos, rol)>
<!ELEMENT nombre_apellidos (#PCDATA)>
<!ELEMENT rol (#PCDATA)>
<!ELEMENT pistas (pista+)>
<!ATTLIST pistas numero ID #REQUIRED>
<!ELEMENT pista (nombre, duracion)>
<!ELEMENT nombre (#PCDATA)>
<!ELEMENT duracion (#PCDATA)>