<?xml version="1.0" encoding="UTF-8"?>
<!DOCTYPE Libro SYSTEM "EJERCICIO2.dtd">
<libreria catalogo = "ciencia">
    <libro titulo="entre ballenas" editorial="alcoyano" autor="da vinci">
    </libro>
    <libro titulo="cadenas" editorial="sm" autor="Juan">
    </libro>
    <revista marca="abuelitas">
        <numero>3
        </numero>
        <titular>operacion bikini para la duquesa
        </titular>
        <editorial>
             el rio
        </editorial>
    </revista>
    <revista marca="Bombazos">
        <numero>9
        </numero>
        <editorial>
            sm
        </editorial>
    </revista>
    <periodico fecha="11/3/2009" nombre="huhu" version_web="si">
    </periodico>
    <periodico fecha="14/5/2019" nombre="huhu">
    </periodico>
</libreria>